epoch,train_loss,train_auc,train_cls,train_attn,train_app,val_loss,val_auc,val_acc
1,0.27003217507295935,0.9883942721890179,0.13529618122358983,0.12127733001954683,0.14819465720784344,0.28320477073568673,0.9728027981156705,0.8874329958308517
2,0.14439559841087757,0.9965429820648929,0.06763165840738673,0.08202878006997,0.07149909940470038,0.27978673830539696,0.9747594925932233,0.8862418106015485
3,0.13899819336774696,0.9964821790967017,0.06768608884565987,0.07328552232330082,0.06933868646920296,0.2829419557626049,0.9733696577558317,0.8850506253722454
