Metric,Value
Accuracy,0.9577883472057075
Precision,0.9873417721518988
Recall,0.9274673008323424
F1,0.9564684242795831
ROC_AUC,0.9968166824783926
